"PostID","AuthorId","Author","Avatar","Content","Comments","Url","Posted At","Comment Count","Reaction Count","Shared Count"
"122194522856565306","61566959186323","The Shield","https://scontent.fcai19-8.fna.fbcdn.net/v/t39.30808-1/462238570_2634043523463216_981530655398363404_n.jpg?stp=cp0_dst-jpg_s40x40_tt6&_nc_cat=110&ccb=1-7&_nc_sid=2d3e12&_nc_ohc=hjI0DBeyWnYQ7kNvwHXHKgA&_nc_oc=AdkqbHHu-ZWgc4QIGu8o_W2x2GZb3jBIoCX3qYSbIFhCMGIobCcYwILXLA5NGiXMmz8&_nc_zt=24&_nc_ht=scontent.fcai19-8.fna&_nc_gid=EfofgVqg3wBAS57qUS1R9g&oh=00_AfjsompxvSP0eOd8byvlJIuScuMcoRqZAHA5URahql8USQ&oe=692A5BD2","بكل فخر واعتزاز، تعلن شركة #The_Shield
عن إتمام مشروعها المتكامل بنجاح في مرور بنغازي، حيث قمنا بتسخير خبراتنا الهندسية لإنشاء بنية تحتية تقنية وكهربائية متطورة تليق بمؤسسة حيوية كهذه. 

📩 للتواصل معنا، يمكنكم إرسال رسالة عبر الصفحة أو الاتصال على الرقم: 0915564024 📞.

في شركتنا نحن لا نركب أنظمة فحسب، بل نبني حلولاً مستدامة تخدم المستقبل. نتوجه بالشكر لجميع الفرق الهندسية والفنية التي عملت بجد وإتقان لإنجاز هذا الصرح التقني.

#TheShield #مرور_بنغازي #ليبيا #حلول_تقنية #كاميرات_مراقبة #شبكات_كهربائية #IT_Solutions","","https://www.facebook.com/TheShieldLY/posts/pfbid02GMJ8QXtY5okh5DqTLdoiae9uqUiQUtKuwA2t63vdjPmGE55iWg1frejWXzFzFdJEl","2025-11-10 15:26:47","1","4","0"
"122193913082565306","61566959186323","The Shield","https://scontent.fcai19-8.fna.fbcdn.net/v/t39.30808-1/462238570_2634043523463216_981530655398363404_n.jpg?stp=cp0_dst-jpg_s40x40_tt6&_nc_cat=110&ccb=1-7&_nc_sid=2d3e12&_nc_ohc=hjI0DBeyWnYQ7kNvwHXHKgA&_nc_oc=AdkqbHHu-ZWgc4QIGu8o_W2x2GZb3jBIoCX3qYSbIFhCMGIobCcYwILXLA5NGiXMmz8&_nc_zt=24&_nc_ht=scontent.fcai19-8.fna&_nc_gid=EfofgVqg3wBAS57qUS1R9g&oh=00_AfjsompxvSP0eOd8byvlJIuScuMcoRqZAHA5URahql8USQ&oe=692A5BD2","درع الأمان والتكنولوجيا يضيء “مرور بنغازي”: إنجاز متكامل يرسخ معايير الكفاءة والأمان!”

لقد كان هدفنا واضحاً: توفير منظومة عمل متكاملة تضمن أعلى مستويات الأمان، الكفاءة التشغيلية، والاستدامة.

📩 للتواصل معنا، يمكنكم إرسال رسالة عبر الصفحة أو الاتصال على الرقم: 0915564024 📞.

#TheShield #مرور_بنغازي #ليبيا #حلول_تقنية #كاميرات_مراقبة #شبكات_كهربائية #IT_Solutions@
with a video: https://www.facebook.com/reel/1950208742378089/","","https://www.facebook.com/reel/1950208742378089/","2025-11-07 01:27:15","8","126","6"
"122193625670565306","61566959186323","The Shield","https://scontent.fcai19-8.fna.fbcdn.net/v/t39.30808-1/462238570_2634043523463216_981530655398363404_n.jpg?stp=cp0_dst-jpg_s40x40_tt6&_nc_cat=110&ccb=1-7&_nc_sid=2d3e12&_nc_ohc=hjI0DBeyWnYQ7kNvwHXHKgA&_nc_oc=AdkqbHHu-ZWgc4QIGu8o_W2x2GZb3jBIoCX3qYSbIFhCMGIobCcYwILXLA5NGiXMmz8&_nc_zt=24&_nc_ht=scontent.fcai19-8.fna&_nc_gid=EfofgVqg3wBAS57qUS1R9g&oh=00_AfjsompxvSP0eOd8byvlJIuScuMcoRqZAHA5URahql8USQ&oe=692A5BD2","#كاميرات_مراقبة_نظام_حماية #The_Shield
with a video: https://www.facebook.com/reel/1774170219967473/","","https://www.facebook.com/reel/1774170219967473/","2025-11-05 11:22:49","0","5","0"
"122192882342565306","61566959186323","The Shield","https://scontent.fcai19-8.fna.fbcdn.net/v/t39.30808-1/462238570_2634043523463216_981530655398363404_n.jpg?stp=cp0_dst-jpg_s40x40_tt6&_nc_cat=110&ccb=1-7&_nc_sid=2d3e12&_nc_ohc=hjI0DBeyWnYQ7kNvwHXHKgA&_nc_oc=AdkqbHHu-ZWgc4QIGu8o_W2x2GZb3jBIoCX3qYSbIFhCMGIobCcYwILXLA5NGiXMmz8&_nc_zt=24&_nc_ht=scontent.fcai19-8.fna&_nc_gid=p18U1pkGcbANdWon-tSNjQ&oh=00_AfgTw2vh3nWHhoHqFonTCJkxUeXGItwP_XkNbKtA8LwtRw&oe=692A5BD2","خبرة تُترجم إلى ثقة.

نُقدّم حلولًا متكاملة في أنظمة المراقبة، المنظومات الصوتية، والسمارت هوم (Smart Home)، 
بتقنيات حديثة وجودة تُواكب المستقبل.

بفضل كفاءتنا، نفذنا مشاريع سكنية وتجارية تجمع بين الأمان، الراحة، والتطور التقني.

لأننا نؤمن أن الأمان ليس مجرد خيار، بل أسلوب حياة نصنعه بإتقان حيث تبدأ الحماية بمعايير التميّز.

‏#The_Shield… حيث تلتقي الحماية بالتكنولوجيا، والجودة بالثقة.⭐️

📩 للتواصل معنا:
- أرسل رسالة عبر الصفحة.  
- أو اتصل بنا على الرقم: 0915564024 📞  

‎#بنغازي
‎#كاميرات_مراقبة_نظام_حماية
‎#كاميرات_مراقبة_منازل
‎#الدرع_امانك
#HIKVISION
#lLED_Screens
with a video: https://www.facebook.com/reel/1355708019340386/","","https://www.facebook.com/reel/1355708019340386/","2025-11-01 01:24:40","4","123","5"
"122192464232565306","61566959186323","The Shield","https://scontent.fcai19-8.fna.fbcdn.net/v/t39.30808-1/462238570_2634043523463216_981530655398363404_n.jpg?stp=cp0_dst-jpg_s40x40_tt6&_nc_cat=110&ccb=1-7&_nc_sid=2d3e12&_nc_ohc=hjI0DBeyWnYQ7kNvwHXHKgA&_nc_oc=AdkqbHHu-ZWgc4QIGu8o_W2x2GZb3jBIoCX3qYSbIFhCMGIobCcYwILXLA5NGiXMmz8&_nc_zt=24&_nc_ht=scontent.fcai19-8.fna&_nc_gid=p18U1pkGcbANdWon-tSNjQ&oh=00_AfgTw2vh3nWHhoHqFonTCJkxUeXGItwP_XkNbKtA8LwtRw&oe=692A5BD2","أحمي منزلك أو مكان عملك بتركيب كاميرات المراقبة!

أبتكرنا حلاً مثاليًا لأمانك الشخصي وسلامة ممتلكاتك. فريقنا المتخصص في تركيب كاميرات المراقبة جاهز لخدمتك.

✔️ كاميرات عالية الجودة والوضوح.
✔️ رؤية للكاميرات عن بُعد عبر هاتفك الذكي.
✔️ حماية متقدمة من الاختراق.
✔️ تحليل الصور واكتشاف الحركة.
✔️ دعم فني مستمر وخدمة ما بعد البيع.

اتصل الآن للاستشارة المجانية وتلقي عرض تفصيلي حسب احتياجاتك.

📲 0915564024

احجز موعد الآن واستمتع بالأمان والسلامة!
#بنغازي
#كاميرات_مراقبة_نظام_حماية
#كاميرات_مراقبة_منازل
#الدرع_امانك

#الشاشات_العملاقة##LED_Screens
with a Photo: https://www.facebook.com/photo/?fbid=122192464142565306&set=a.122165469086565306","","https://www.facebook.com/TheShieldLY/posts/pfbid0251JdaDyJpLbzNxCr6rYAAL2Fmz7PhRnN62H9TbBY9kBTpQn9NKhc7TbNS2tJ97bXl","2025-10-29 20:34:03","1","7","0"
"122192019962565306","61566959186323","The Shield","https://scontent.fcai19-8.fna.fbcdn.net/v/t39.30808-1/462238570_2634043523463216_981530655398363404_n.jpg?stp=cp0_dst-jpg_s40x40_tt6&_nc_cat=110&ccb=1-7&_nc_sid=2d3e12&_nc_ohc=hjI0DBeyWnYQ7kNvwHXHKgA&_nc_oc=AdkqbHHu-ZWgc4QIGu8o_W2x2GZb3jBIoCX3qYSbIFhCMGIobCcYwILXLA5NGiXMmz8&_nc_zt=24&_nc_ht=scontent.fcai19-8.fna&_nc_gid=p18U1pkGcbANdWon-tSNjQ&oh=00_AfgTw2vh3nWHhoHqFonTCJkxUeXGItwP_XkNbKtA8LwtRw&oe=692A5BD2","#كاميرات_مراقبة_نظام_حماية  
 #منظومات_صوت 
#بنغازي_ليبيا
#الدرع_امانك
with a video: https://www.facebook.com/reel/2677134975978587/","","https://www.facebook.com/reel/2677134975978587/","2025-10-27 03:11:30","1","6","0"
"122165469092565306","61566959186323","The Shield","https://scontent.fcai19-8.fna.fbcdn.net/v/t39.30808-1/462238570_2634043523463216_981530655398363404_n.jpg?stp=cp0_dst-jpg_s40x40_tt6&_nc_cat=110&ccb=1-7&_nc_sid=2d3e12&_nc_ohc=hjI0DBeyWnYQ7kNvwHXHKgA&_nc_oc=AdkqbHHu-ZWgc4QIGu8o_W2x2GZb3jBIoCX3qYSbIFhCMGIobCcYwILXLA5NGiXMmz8&_nc_zt=24&_nc_ht=scontent.fcai19-8.fna&_nc_gid=UqR20NEnio9U0PFH4KR_GQ&oh=00_AfgnpOfkAqIJ8vd9kYSr58RkyxOecJvpuV3p7Yc3ue7_EQ&oe=692A5BD2","🎉 إجازة العيد في المزرعة؟ حوشك وشركتك تحت حماية الدرع! 🛡️📹

مع كاميرات الدرع الذكية، تقدر تراقب بيتك أو شركتك من تليفونك،
وين ما كنت، وفي أي وقت ⏰📱

خليك مطمن واستمتع بالعيد،
واتصل بشركة الدرع وخلي كل شي بأمان 🔒

📩 للتواصل معنا، يمكنكم إرسال رسالة عبر الصفحة أو الاتصال على الرقم: 0915564024 📞.

#الدرع_أمانك

#كاميرات_مراقبة #مراقبة_عن_بعد
#عيد_الأضحى #عرفة
with a Photo: https://www.facebook.com/photo/?fbid=122165469056565306&set=a.122165469086565306","","https://www.facebook.com/TheShieldLY/posts/pfbid02ed2rnTFj1335aqD2vrNgPebmvr1FfbHGvPww5XrbjYHgBeSUQSN8s7xSUb8pb3W7l","2025-06-05 18:32:33","0","4","0"
"122164508606565306","61566959186323","The Shield","https://scontent.fcai19-8.fna.fbcdn.net/v/t39.30808-1/462238570_2634043523463216_981530655398363404_n.jpg?stp=cp0_dst-jpg_s40x40_tt6&_nc_cat=110&ccb=1-7&_nc_sid=2d3e12&_nc_ohc=hjI0DBeyWnYQ7kNvwHXHKgA&_nc_oc=AdkqbHHu-ZWgc4QIGu8o_W2x2GZb3jBIoCX3qYSbIFhCMGIobCcYwILXLA5NGiXMmz8&_nc_zt=24&_nc_ht=scontent.fcai19-8.fna&_nc_gid=UqR20NEnio9U0PFH4KR_GQ&oh=00_AfgnpOfkAqIJ8vd9kYSr58RkyxOecJvpuV3p7Yc3ue7_EQ&oe=692A5BD2","شركة الدرع - شريكك في تنظيم الشبكات!
عندما يتعلق الأمر بالشبكات، فإن التنظيم والدقة هما المفتاح، وهنا يأتي دور الليبلات الخاصة بخيوط الشبكة (Cable Labels أو Network Labels) التي تُعتبر أداة أساسية لضمان سهولة التعرف على الكابلات والأسلاك في أي نظام شبكات.

💡 كيف نستخدم الليبلات في شركة الدرع؟

نضع ليبلات مطبوعة أو يدوية لتحديد كل كابل بدقة.
نضمن أن جميع الكابلات مُنظمة بشكل واضح لتسهيل الصيانة والتحديثات المستقبلية.
نستخدم ليبلات مقاومة للرطوبة والتمزق لضمان التحمل في مختلف الظروف البيئية.
نوفر حلولاً متكاملة تشمل تركيب، تنظيم، وصيانة الشبكات مع الاهتمام بأدق التفاصيل لضمان جودة العمل.

📩 للتواصل معنا، يمكنكم إرسال رسالة عبر الصفحة أو الاتصال على الرقم: 0915564024 📞.
#الدرع_أمانك
#الدرع #بنغازي #ليبيا #شبكات #كاميرات
with 8 Attachments: https://www.facebook.com/TheShieldLY/posts/pfbid0EHbvKdbi2MJZ7PphVUeqsHtxfhVxsM3f1xStA5Gq6JDUghYjvarK6T4cXszNxkyel","","https://www.facebook.com/TheShieldLY/posts/pfbid0EHbvKdbi2MJZ7PphVUeqsHtxfhVxsM3f1xStA5Gq6JDUghYjvarK6T4cXszNxkyel","2025-05-31 19:22:04","3","7","3"
"122162066492565306","61566959186323","The Shield","https://scontent.fcai19-8.fna.fbcdn.net/v/t39.30808-1/462238570_2634043523463216_981530655398363404_n.jpg?stp=cp0_dst-jpg_s40x40_tt6&_nc_cat=110&ccb=1-7&_nc_sid=2d3e12&_nc_ohc=hjI0DBeyWnYQ7kNvwHXHKgA&_nc_oc=AdkqbHHu-ZWgc4QIGu8o_W2x2GZb3jBIoCX3qYSbIFhCMGIobCcYwILXLA5NGiXMmz8&_nc_zt=24&_nc_ht=scontent.fcai19-8.fna&_nc_gid=UqR20NEnio9U0PFH4KR_GQ&oh=00_AfgnpOfkAqIJ8vd9kYSr58RkyxOecJvpuV3p7Yc3ue7_EQ&oe=692A5BD2","شركة الدرع - خبراء في تركيب الشاشات العملاقة
نقدّم خدمات تركيب، توريد، وصيانة الشاشات الداخلية  بجودة عالية واحترافية تلبي احتياجات المؤسسات المختلفة.  

📩 للتواصل معنا:
- أرسل رسالة عبر الصفحة.  
- أو اتصل بنا على الرقم: 0915564024 📞  

🌟 شركة الدرع، خيارك الأمثل للشاشات العملاقة

#الدرع_أمانك #تركيب_الشاشات #صيانة_الشاشات #الشاشات_العملاقة #LED_Screens #Benghazi #Libya","","https://www.facebook.com/reel/1038527351578559/","2025-05-19 18:57:15","0","3","0"
"122136224726565306","61566959186323","The Shield","https://scontent.fcai19-8.fna.fbcdn.net/v/t39.30808-1/462238570_2634043523463216_981530655398363404_n.jpg?stp=cp0_dst-jpg_s40x40_tt6&_nc_cat=110&ccb=1-7&_nc_sid=2d3e12&_nc_ohc=hjI0DBeyWnYQ7kNvwHXHKgA&_nc_oc=AdkqbHHu-ZWgc4QIGu8o_W2x2GZb3jBIoCX3qYSbIFhCMGIobCcYwILXLA5NGiXMmz8&_nc_zt=24&_nc_ht=scontent.fcai19-8.fna&_nc_gid=EkqTaDrmNI09efo8NDjr-g&oh=00_AfhgokwGavSylt5-9UwxXugW35SgdRDI35_vq499wnokDw&oe=692A5BD2","ليش تركب منظومة ستالايت او باسمها الصحيح Diseqc Switch

Diseqc Switch اولا نعرفوا ماهو 

 هو جهاز يُستخدم في أنظمة الأقمار الصناعية لتوصيل عدة مصادر إشارة بقمر صناعي واحد

. إليك بعض الفوائد الرئيسية لاستخدامه:
 1 توسيع خيارات القنوات: يمكنك استقبال إشارات من عدة أقمار صناعية، مما يتيح لك الوصول إلى مجموعة واسعة من القنوات.
 2 توفير المساحة: يقلل الحاجة إلى استخدام عدة أطباق استقبال، مما يوفر المساحة ويقلل من الفوضى في السطح.
 3 تحسين المرونة: يمكنك التبديل بين الأقمار بسهولة دون الحاجة إلى إعادة توجيه الطبق.
 4 توفير التكلفة: بدلاً من شراء أطباق متعددة، يمكنك استخدام Diseqc Switch لتقليل التكاليف.
 5 سهولة التركيب: يسهل عملية التوصيل والتكوين، مما يجعله خيارًا مفضلًا للعديد من المستخدمين.

نحن في شركة الدرع 🛡 نقدم خدمات تركيب Diseqc Switch بجودة عالية وباحترافية.

شاهد بعض أعمالنا في التعليقات! 📹

📩 للتواصل معنا، يمكنكم إرسال رسالة عبر الصفحة أو الاتصال على الرقم: 0915564024 📞.
#الدرع_أمانك
#الدرع #بنغازي #ليبيا #شبكات #كاميرات #أجهزة_إنذار
with a Photo: https://www.facebook.com/photo/?fbid=122136224444565306&set=a.122096861504565306","","https://www.facebook.com/TheShieldLY/posts/pfbid0XWL2do1a8CpivJuPemmDuzE8KhWa1fMujoZqmzhcXmsEQk8pPR3JGMxPhYkmNQ8Tl","2025-01-30 21:45:10","3","3","0"
"122135412812565306","61566959186323","The Shield","https://scontent.fcai19-8.fna.fbcdn.net/v/t39.30808-1/462238570_2634043523463216_981530655398363404_n.jpg?stp=cp0_dst-jpg_s40x40_tt6&_nc_cat=110&ccb=1-7&_nc_sid=2d3e12&_nc_ohc=hjI0DBeyWnYQ7kNvwHXHKgA&_nc_oc=AdkqbHHu-ZWgc4QIGu8o_W2x2GZb3jBIoCX3qYSbIFhCMGIobCcYwILXLA5NGiXMmz8&_nc_zt=24&_nc_ht=scontent.fcai19-8.fna&_nc_gid=EkqTaDrmNI09efo8NDjr-g&oh=00_AfhgokwGavSylt5-9UwxXugW35SgdRDI35_vq499wnokDw&oe=692A5BD2","جهاز إنذار الحريق
احمِ نفسك وممتلكاتك مع جهاز إنذار الحريق! 🔥
نحن في شركة الدرع 🛡متخصصون في تركيب أنظمة إنذار الحريق للمحلات، المؤسسات، والمنازل.
فوائد النظام:
 • حماية الحياة
 • تقليل الأضرار
 • الامتثال للمعايير

شاهد بعض أعمالنا في التعليقات! 📹

📩 للتواصل معنا، يمكنكم إرسال رسالة عبر الصفحة أو الاتصال على الرقم: 0915564024 📞.
#الدرع_أمانك
#الدرع #بنغازي #ليبيا #شبكات #كاميرات #أجهزة_إنذار
with a Photo: https://www.facebook.com/photo/?fbid=122135412632565306&set=a.122096861504565306","","https://www.facebook.com/TheShieldLY/posts/pfbid02WJDSqhDCX73ugo9gW4bfpb45UQeZfdBBEbWze1V4U1WjjVdtoWGUX6yvAKSnsQdGl","2025-01-26 18:04:42","2","4","0"
"122134741334565306","61566959186323","The Shield","https://scontent.fcai19-8.fna.fbcdn.net/v/t39.30808-1/462238570_2634043523463216_981530655398363404_n.jpg?stp=cp0_dst-jpg_s40x40_tt6&_nc_cat=110&ccb=1-7&_nc_sid=2d3e12&_nc_ohc=hjI0DBeyWnYQ7kNvwHXHKgA&_nc_oc=AdkqbHHu-ZWgc4QIGu8o_W2x2GZb3jBIoCX3qYSbIFhCMGIobCcYwILXLA5NGiXMmz8&_nc_zt=24&_nc_ht=scontent.fcai19-8.fna&_nc_gid=EkqTaDrmNI09efo8NDjr-g&oh=00_AfhgokwGavSylt5-9UwxXugW35SgdRDI35_vq499wnokDw&oe=692A5BD2","شن الفرق بين كاميرات العادية وكاميرات IP
🔍 هل تعرف الفرق بين الكاميرات العادية وكاميرات IP؟ 🤔

كاميرات العادية DVR:
التوصيل: تتصل عبر كابلات coaxial.
التخزين: تحتاج إلى DVR (مسجل فيديو رقمي) لتخزين الفيديو.
الدقة: غالبًا ما تكون دقتها أقل مقارنة بكاميرات IP.
التحكم: تفتقر إلى ميزات التحكم عن بُعد، ويمكن التحكم بها فقط محليًا.

كاميرات IP NVR:
التوصيل: تتصل عبر شبكة الإنترنت (كوابل انترنت)، مما يسهل الوصول إليها من أي مكان.
التخزين: تدعم التخزين السحابي أو التخزين على الشبكة (NAS).
الدقة: توفر دقة عالية وجودة فيديو أفضل، مع إمكانية تسجيل فيديو بدقة 4K.
التحكم: يمكن التحكم بها remotely عبر التطبيقات أو المتصفح، مما يمنحك مرونة أكبر في المراقبة.

لماذا تختار كاميرات IP؟
أمان متقدم: توفر حماية أفضل مع ميزات مثل التشفير.
سهولة الاستخدام: إمكانية الوصول إلى الفيديو المباشر من أي مكان.
توسيع النظام: يمكن إضافة المزيد من الكاميرات بسهولة إلى النظام.

📩 للتواصل معنا، يمكنكم إرسال رسالة عبر الصفحة أو الاتصال على الرقم: 0915564024 📞.
#الدرع_أمانك
#الدرع #بنغازي #ليبيا #شبكات #كاميرات #أجهزة_إنذار
with a Photo: https://www.facebook.com/photo/?fbid=122134741046565306&set=a.122096861504565306","","https://www.facebook.com/TheShieldLY/posts/pfbid034mm8dsV6GeRRcXmKVdPLruT3TNynkj7sJZPgnXYnpxj1GQA1EuDT6cLWxLLWY2pGl","2025-01-23 18:51:08","0","2","0"
"122134112474565306","61566959186323","The Shield","https://scontent.fcai19-8.fna.fbcdn.net/v/t39.30808-1/462238570_2634043523463216_981530655398363404_n.jpg?stp=cp0_dst-jpg_s40x40_tt6&_nc_cat=110&ccb=1-7&_nc_sid=2d3e12&_nc_ohc=hjI0DBeyWnYQ7kNvwHXHKgA&_nc_oc=AdkqbHHu-ZWgc4QIGu8o_W2x2GZb3jBIoCX3qYSbIFhCMGIobCcYwILXLA5NGiXMmz8&_nc_zt=24&_nc_ht=scontent.fcai19-8.fna&_nc_gid=dcjVU7w6fWeCkUyrLmAiJQ&oh=00_AfjFQx9qiVdlNwjj4fYvQc-vB6FveKaAv_vY-xULPMbM8Q&oe=692A5BD2","✨ الإضاءة المناسبة تعزز من جمالية المكان، تحسن من تجربة العملاء، وتزيد من المبيعات! في شركة الدرع، نقدم لك خدمة تركيب وتوزيع الإضاءة بشكل احترافي في أي مؤسسة. 💡

📩 للتواصل معنا، يمكنكم إرسال رسالة عبر الصفحة أو الاتصال على الرقم: 0915564024 📞.
#الدرع_أمانك
#الدرع #بنغازي #ليبيا #شبكات #كاميرات #أجهزة_إنذار #اضاءة","","https://www.facebook.com/reel/952257486971047/","2025-01-20 17:15:11","0","4","0"
"122133712790565306","61566959186323","The Shield","https://scontent.fcai19-8.fna.fbcdn.net/v/t39.30808-1/462238570_2634043523463216_981530655398363404_n.jpg?stp=cp0_dst-jpg_s40x40_tt6&_nc_cat=110&ccb=1-7&_nc_sid=2d3e12&_nc_ohc=hjI0DBeyWnYQ7kNvwHXHKgA&_nc_oc=AdkqbHHu-ZWgc4QIGu8o_W2x2GZb3jBIoCX3qYSbIFhCMGIobCcYwILXLA5NGiXMmz8&_nc_zt=24&_nc_ht=scontent.fcai19-8.fna&_nc_gid=dcjVU7w6fWeCkUyrLmAiJQ&oh=00_AfjFQx9qiVdlNwjj4fYvQc-vB6FveKaAv_vY-xULPMbM8Q&oe=692A5BD2","الجرس الذكي 🔔 (Intercom) في شركة الدرع 🛡

في شركة الدرع، نقدم لك خدمة تركيب الجرس الذكي، سواء من التأسيس أو كتركيب إضافي، حسب المواصفات التي تناسبك.
🌟مميزات الجرس الذكي:
◽️ تواصل سهل: يمكنك التواصل مع الزوار بسهولة من أي مكان في المنزل.
◽️ أمان إضافي: يوفر رؤية واضحة للزوار، مما يعزز الأمان.
◽️ تحكم ذكي: إمكانية فتح الأبواب عن بُعد عبر تطبيق الهاتف.
◽️ تصميم عصري: يتناسب مع ديكور منزلك ويعزز من مظهره.
◽️ إشعارات فورية: تنبيهات عند الضغط على الجرس، مما يضمن عدم تفويت أي زيارة.

🤔لماذا يعتبر الجرس الذكي مهمًا لك؟
◽️ تعزيز الأمان: يمكنك مراقبة من يزورك قبل فتح الباب.
◽️ الراحة: لا داعي للذهاب إلى الباب، يمكنك التحكم عن بُعد.
◽️ توفير الوقت: سهولة التواصل مع الزوار دون الحاجة للخروج من الغرفة.

📩 للتواصل معنا، يمكنكم إرسال رسالة عبر الصفحة أو الاتصال على الرقم: 0915564024 📞.

#الدرع_أمانك
#الدرع #بنغازي #ليبيا #شبكات #كاميرات #أجهزة_إنذار #جرس_ذكي #Intercom
with a Photo: https://www.facebook.com/photo/?fbid=122133712736565306&set=a.122096861504565306","","https://www.facebook.com/TheShieldLY/posts/pfbid0aPK2Nue5SZrkHhPEABbe8Z5Tu5m5nkkDQqUWyVfntRgu6cyLEKtSLhfvnKE71JYJl","2025-01-18 22:52:50","0","1","0"
"122128435004565306","61566959186323","The Shield","https://scontent.fcai19-8.fna.fbcdn.net/v/t39.30808-1/462238570_2634043523463216_981530655398363404_n.jpg?stp=cp0_dst-jpg_s40x40_tt6&_nc_cat=110&ccb=1-7&_nc_sid=2d3e12&_nc_ohc=hjI0DBeyWnYQ7kNvwHXHKgA&_nc_oc=AdkqbHHu-ZWgc4QIGu8o_W2x2GZb3jBIoCX3qYSbIFhCMGIobCcYwILXLA5NGiXMmz8&_nc_zt=24&_nc_ht=scontent.fcai19-8.fna&_nc_gid=dcjVU7w6fWeCkUyrLmAiJQ&oh=00_AfjFQx9qiVdlNwjj4fYvQc-vB6FveKaAv_vY-xULPMbM8Q&oe=692A5BD2","# مشروع تشطيب فيلا جديدة في بنغازي

يسعدنا الإعلان عن إتمام تشطيب فيلا جديدة في بنغازي، حيث تم تنفيذ مجموعة من الميزات الحديثة 🏡 

البنود ✅ 
- تركيب كاميرات مراقبة لضمان الأمان
- جرس ذكي لتسهيل التواصل

فريقنا المتميز يضمن جودة التنفيذ والاحترافية في كل تفاصيل المشروع 💪 

 
📩 للتواصل معنا، يمكنكم إرسال رسالة عبر الصفحة أو الاتصال على الرقم: 0915564024 📞.
#الدرع_أمانك
#الدرع #بنغازي #ليبيا #شبكات #كاميرات #أجهزة_إنذار
with 8 Attachments: https://www.facebook.com/TheShieldLY/posts/pfbid0rUjHmsiiNhE1acpw3GQ61vV4YBJqtL8gs4NFEe6izCpvQwWnmEArVx5FDpDeGxxgl","","https://www.facebook.com/TheShieldLY/posts/pfbid0rUjHmsiiNhE1acpw3GQ61vV4YBJqtL8gs4NFEe6izCpvQwWnmEArVx5FDpDeGxxgl","2024-12-24 19:48:33","0","7","0"
"122127723332565306","61566959186323","The Shield","https://scontent.fcai19-8.fna.fbcdn.net/v/t39.30808-1/462238570_2634043523463216_981530655398363404_n.jpg?stp=cp0_dst-jpg_s40x40_tt6&_nc_cat=110&ccb=1-7&_nc_sid=2d3e12&_nc_ohc=hjI0DBeyWnYQ7kNvwHXHKgA&_nc_oc=AdkqbHHu-ZWgc4QIGu8o_W2x2GZb3jBIoCX3qYSbIFhCMGIobCcYwILXLA5NGiXMmz8&_nc_zt=24&_nc_ht=scontent.fcai19-8.fna&_nc_gid=H1gFR7yVDgZQ0boJfmVpUQ&oh=00_Afgu-GhPzKpregukD8rMI01qfr-1aJKzu8iyEevHd-bGsA&oe=692A5BD2","فريق عمل شركة الدرع 🛡

✨ نفخر بوجود فريق عمل متميز ومتخصص يساهم في نجاح مشاريعنا في عدة مواقع 👷‍♂️👷‍♀️ 
👷‍♂️👷‍♀️ يتمتع كل فرد في فريقنا بالمهارات والخبرة اللازمة لضمان جودة التنفيذ والاحترافية في كل ما نقوم به.

🤝 نشكرهم على جهودهم المستمرة وإبداعهم الذي يساعدنا على تحقيق أهدافنا بنجاح.

📩 للتواصل معنا، يمكنكم إرسال رسالة عبر الصفحة أو الاتصال على الرقم: 0915564024 📞.
#الدرع_أمانك
#الدرع #بنغازي #ليبيا #شبكات #كاميرات #أجهزة_إنذار
with 4 Attachments: https://www.facebook.com/TheShieldLY/posts/pfbid02Yo8updk8Tvu8ZMK2XLKfo1rcCwoKkmr9PLvyxpL3xqiDapYdKhg5tQjCzDg8DT7ul","","https://www.facebook.com/TheShieldLY/posts/pfbid02Yo8updk8Tvu8ZMK2XLKfo1rcCwoKkmr9PLvyxpL3xqiDapYdKhg5tQjCzDg8DT7ul","2024-12-21 14:16:55","0","6","0"
"122125571588565306","61566959186323","The Shield","https://scontent.fcai19-8.fna.fbcdn.net/v/t39.30808-1/462238570_2634043523463216_981530655398363404_n.jpg?stp=cp0_dst-jpg_s40x40_tt6&_nc_cat=110&ccb=1-7&_nc_sid=2d3e12&_nc_ohc=hjI0DBeyWnYQ7kNvwHXHKgA&_nc_oc=AdkqbHHu-ZWgc4QIGu8o_W2x2GZb3jBIoCX3qYSbIFhCMGIobCcYwILXLA5NGiXMmz8&_nc_zt=24&_nc_ht=scontent.fcai19-8.fna&_nc_gid=H1gFR7yVDgZQ0boJfmVpUQ&oh=00_Afgu-GhPzKpregukD8rMI01qfr-1aJKzu8iyEevHd-bGsA&oe=692A5BD2","تم بحمد الله من تشطيب 🎉 محل IDOL Fashion في سنتر أڤنيو 

الخدمات التي تم تنفيذها:
⚡ تأسيس الكهرباء والإضاءة
📹 تركيب كاميرات المراقبة
❄️ تركيب مكيفات مركزية
🌐 إنشاء شبكة الإنترنت
🔊 تنفيذ نظام الصوت
📺 تركيب نظام الستالايت
للتواصل معنا، يمكنكم إرسال رسالة عبر الصفحة 📩 
أو الاتصال على الرقم: 0915564024 📞

#الدرع_أمانك
#الدرع #بنغازي #ليبيا #شبكات #كاميرات #أجهزة_إنذار","","https://www.facebook.com/reel/897414315490472/","2024-12-12 16:28:01","1","6","0"
"122125190306565306","61566959186323","The Shield","https://scontent.fcai19-8.fna.fbcdn.net/v/t39.30808-1/462238570_2634043523463216_981530655398363404_n.jpg?stp=cp0_dst-jpg_s40x40_tt6&_nc_cat=110&ccb=1-7&_nc_sid=2d3e12&_nc_ohc=hjI0DBeyWnYQ7kNvwHXHKgA&_nc_oc=AdkqbHHu-ZWgc4QIGu8o_W2x2GZb3jBIoCX3qYSbIFhCMGIobCcYwILXLA5NGiXMmz8&_nc_zt=24&_nc_ht=scontent.fcai19-8.fna&_nc_gid=H1gFR7yVDgZQ0boJfmVpUQ&oh=00_Afgu-GhPzKpregukD8rMI01qfr-1aJKzu8iyEevHd-bGsA&oe=692A5BD2","شركة الدرع – الخيار الأمثل 
مشروع محل IDOL Fashion
يسعدنا أن نعلن عن إتمام تشطيب محل IDOL Fashion في سنتر أڤنيو، الواجهة الجديدة لمدينة بنغازي.

الخدمات التي تم تنفيذها:
⚡ تأسيس الكهرباء والإضاءة
📹 تركيب كاميرات المراقبة
❄️ تركيب مكيفات مركزية
🌐 إنشاء شبكة الإنترنت
🔊 تنفيذ نظام الصوت
📺 تركيب نظام الستالايت
📩 للتواصل معنا، يمكنكم إرسال رسالة عبر الصفحة أو الاتصال على الرقم: 0915564024 📞.

#الدرع_أمانك
#الدرع #بنغازي #ليبيا #شبكات #كاميرات #أجهزة_إنذار
with 20 Attachments: https://www.facebook.com/TheShieldLY/posts/pfbid02w7H24FMTeMcFkN9nz1vAWGcssQvhKh3wk9FHBLPPr5xmm9iu5C1RdCCz3y4h7BvEl","","https://www.facebook.com/TheShieldLY/posts/pfbid02w7H24FMTeMcFkN9nz1vAWGcssQvhKh3wk9FHBLPPr5xmm9iu5C1RdCCz3y4h7BvEl","2024-12-10 22:06:47","0","4","0"
"122124715100565306","61566959186323","The Shield","https://scontent.fcai19-8.fna.fbcdn.net/v/t39.30808-1/462238570_2634043523463216_981530655398363404_n.jpg?stp=cp0_dst-jpg_s40x40_tt6&_nc_cat=110&ccb=1-7&_nc_sid=2d3e12&_nc_ohc=hjI0DBeyWnYQ7kNvwHXHKgA&_nc_oc=AdkqbHHu-ZWgc4QIGu8o_W2x2GZb3jBIoCX3qYSbIFhCMGIobCcYwILXLA5NGiXMmz8&_nc_zt=24&_nc_ht=scontent.fcai19-8.fna&_nc_gid=QdYXdZoJLKus2VhNy09Tpg&oh=00_AfgXzO8PxPuIqwI9l6Z40SzhjXQrJIxgbmOCD7fDdQtb3g&oe=692A5BD2","في أحد المباني الحكومية 🏢، واجهت المؤسسة تحديًا كبيرًا بسبب طريقة تركيب غير صحيحة لشبكاتها. بعد الاستعانة بشركة أخرى، تبين أن الأمور ليست كما يجب، مما أدى إلى فوضى في التنظيم.

هنا جاءت شركة الدرع كالحل الأمثل.

🚫 قبل: فوضى من الكابلات والتوصيلات غير المرتبة والشبكة دائما لا تعمل.
✅ بعد: تنظيم احترافي يضمن أداءً أفضل وسهولة في الصيانة وشبكة تعمل بدون.

📩 للتواصل معنا، يمكنكم إرسال رسالة عبر الصفحة 
أو الاتصال على الرقم 0915564024 📞.
#الدرع_أمانك
#الدرع #بنغازي #ليبيا #شبكات #كاميرات #أجهزة_إنذار
with a Photo: https://www.facebook.com/photo/?fbid=122124670028565306&set=a.122096861504565306","","https://www.facebook.com/TheShieldLY/posts/pfbid02Kup5Hn6Mdd7Yew2gu7McSD3QbZ1qTwCDENGBeFwnAXXqGTzbDtDCEe8AW2m5C8hEl","2024-12-08 18:46:38","0","7","0"
"122123550374565306","61566959186323","The Shield","https://scontent.fcai19-8.fna.fbcdn.net/v/t39.30808-1/462238570_2634043523463216_981530655398363404_n.jpg?stp=cp0_dst-jpg_s40x40_tt6&_nc_cat=110&ccb=1-7&_nc_sid=2d3e12&_nc_ohc=hjI0DBeyWnYQ7kNvwHXHKgA&_nc_oc=AdkqbHHu-ZWgc4QIGu8o_W2x2GZb3jBIoCX3qYSbIFhCMGIobCcYwILXLA5NGiXMmz8&_nc_zt=24&_nc_ht=scontent.fcai19-8.fna&_nc_gid=QdYXdZoJLKus2VhNy09Tpg&oh=00_AfgXzO8PxPuIqwI9l6Z40SzhjXQrJIxgbmOCD7fDdQtb3g&oe=692A5BD2","📸 صور لفرع محل هزار الجديد!
بحمد الله، تم الانتهاء من تشطيب الفرع الجديد في 📍 أفنيو سنتر🏢.

تابعونا لمزيد من المشاريع....

البنود التي تم تنفيذها:
⚡ تأسيس الكهرباء والإضاءة
📹 تركيب كاميرات المراقبة
❄️ تركيب مكيفات مركزية
🌐 إنشاء شبكة الإنترنت
🔊 تنفيذ منظومة الصوت
📺 تركيب منظومة الستالايت

📩 للتواصل معنا، يمكنكم إرسال رسالة عبر الصفحة 
أو الاتصال على الرقم 0915564024 📞.

#الدرع_أمانك
#الدرع #بنغازي #ليبيا #شبكات #كاميرات #أجهزة_إنذار
with 10 Attachments: https://www.facebook.com/TheShieldLY/posts/pfbid03ge7kQgnNiMv5B6NxGZwUzxJjpSvTU2hSAY6RyT56R6E8cVLZ1UCWQRZffxYydVNl","","https://www.facebook.com/TheShieldLY/posts/pfbid03ge7kQgnNiMv5B6NxGZwUzxJjpSvTU2hSAY6RyT56R6E8cVLZ1UCWQRZffxYydVNl","2024-12-03 19:57:53","1","4","0"
"122122273082565306","61566959186323","The Shield","https://scontent.fcai19-8.fna.fbcdn.net/v/t39.30808-1/462238570_2634043523463216_981530655398363404_n.jpg?stp=cp0_dst-jpg_s40x40_tt6&_nc_cat=110&ccb=1-7&_nc_sid=2d3e12&_nc_ohc=hjI0DBeyWnYQ7kNvwHXHKgA&_nc_oc=AdkqbHHu-ZWgc4QIGu8o_W2x2GZb3jBIoCX3qYSbIFhCMGIobCcYwILXLA5NGiXMmz8&_nc_zt=24&_nc_ht=scontent.fcai19-8.fna&_nc_gid=QdYXdZoJLKus2VhNy09Tpg&oh=00_AfgXzO8PxPuIqwI9l6Z40SzhjXQrJIxgbmOCD7fDdQtb3g&oe=692A5BD2","الف مبروك أفتتاح فرعكم الجديد🥳

ونشكركم لثقتكم في شركتنا في المشاركة في تشطيب الفرع الجديد🛡️
with a Facebook Post: https://www.facebook.com/permalink.php?story_fbid=pfbid02Bb6yHzAWEqWVcZSyhh7AvTepqpyiSKYkYzY1Yu69UMVQCcFwHWuBhfuFZxAzgrwUl&id=100064773934062","","https://www.facebook.com/TheShieldLY/posts/pfbid0CAddHRmUgPnXKmcw8RqbAiXWufe16zKZCtmNfkjNiMaiic38bFfeeWYXDwkTFt3vl","2024-11-28 19:00:34","0","3","0"
"122121993710565306","61566959186323","The Shield","https://scontent.fcai19-8.fna.fbcdn.net/v/t39.30808-1/462238570_2634043523463216_981530655398363404_n.jpg?stp=cp0_dst-jpg_s40x40_tt6&_nc_cat=110&ccb=1-7&_nc_sid=2d3e12&_nc_ohc=hjI0DBeyWnYQ7kNvwHXHKgA&_nc_oc=AdkqbHHu-ZWgc4QIGu8o_W2x2GZb3jBIoCX3qYSbIFhCMGIobCcYwILXLA5NGiXMmz8&_nc_zt=24&_nc_ht=scontent.fcai19-8.fna&_nc_gid=sUzoEC8o6VJdDd416b-_jA&oh=00_AfhlwV9GPfTVlGe1sJvd5XirPpkjfRz3TsiVcAuXol7Mhg&oe=692A5BD2","🚧 بداية جديدة مع شركة الدرع 🛡
نحن متحمسون للإعلان عن مشروعنا الجديد في إعادة تأسيس عمارة في مدينة بنغازي📍 في شارع دبي! 🏙️✨

ماذا يتضمن المشروع؟

⚡ تأسيس الكهرباء: لضمان إضاءة مثالية وراحة تامة.
🌐 شبكة الإنترنت: لتبقى متصلاً في كل الأوقات.
📺 الستالايت: للاستمتاع بأفضل الترفيه.

مع فريقنا من المهندسين المتميزين ذوي الخبرة العالية، نعدكم بتقديم أعلى مستويات الجودة والابتكار في كل تفاصيل المشروع🛡

🚨انتظرونا بعد الأنتهاء بعون الله من التشطيب 

للتواصل معنا عبر رسائل الصفحة  📩
او عبر الاتصال 0915564024 📞
#الدرع_أمانك 
#الدرع  #بنغازي #ليبيا #شبكات #كامرات #اجهزة_انذار 
#LibyaBuildBenghazi2024 
#TheShield  #benghazi #it #network
with 11 Attachments: https://www.facebook.com/TheShieldLY/posts/pfbid02wyQPL38uvdVYsHQgYCQiFYWSg9sWaPiQSV2rkqkgGJQTcoGsYmKEH8soX533Ejj7l","","https://www.facebook.com/TheShieldLY/posts/pfbid02wyQPL38uvdVYsHQgYCQiFYWSg9sWaPiQSV2rkqkgGJQTcoGsYmKEH8soX533Ejj7l","2024-11-27 19:58:17","3","9","0"
"122121142928565306","61566959186323","The Shield","https://scontent.fcai19-8.fna.fbcdn.net/v/t39.30808-1/462238570_2634043523463216_981530655398363404_n.jpg?stp=cp0_dst-jpg_s40x40_tt6&_nc_cat=110&ccb=1-7&_nc_sid=2d3e12&_nc_ohc=hjI0DBeyWnYQ7kNvwHXHKgA&_nc_oc=AdkqbHHu-ZWgc4QIGu8o_W2x2GZb3jBIoCX3qYSbIFhCMGIobCcYwILXLA5NGiXMmz8&_nc_zt=24&_nc_ht=scontent.fcai19-8.fna&_nc_gid=sUzoEC8o6VJdDd416b-_jA&oh=00_AfhlwV9GPfTVlGe1sJvd5XirPpkjfRz3TsiVcAuXol7Mhg&oe=692A5BD2","يسعدنا أن نعلن عن الانتهاء من تشطيب محل هزار لملابس الأطفال لفرعه الجديد بحمد الله.

البنود التي تم تنفيذها:
⚡ تأسيس الكهرباء والإضاءة
📹 تركيب كاميرات المراقبة
❄️ تركيب مكيفات مركزية
🌐 إنشاء شبكة الإنترنت
🔊 تنفيذ منظومة الصوت
📺 تركيب منظومة الستالايت

📩 للتواصل معنا، يمكنكم إرسال رسالة عبر الصفحة أو الاتصال على الرقم 0915564024 📞.

#الدرع_أمانك
#الدرع #بنغازي #ليبيا #شبكات #كاميرات #أجهزة_إنذار","","https://www.facebook.com/reel/1087934022556076/","2024-11-24 19:59:53","1","105","0"
"122116722536565306","61566959186323","The Shield","https://scontent.fcai19-8.fna.fbcdn.net/v/t39.30808-1/462238570_2634043523463216_981530655398363404_n.jpg?stp=cp0_dst-jpg_s40x40_tt6&_nc_cat=110&ccb=1-7&_nc_sid=2d3e12&_nc_ohc=hjI0DBeyWnYQ7kNvwHXHKgA&_nc_oc=AdkqbHHu-ZWgc4QIGu8o_W2x2GZb3jBIoCX3qYSbIFhCMGIobCcYwILXLA5NGiXMmz8&_nc_zt=24&_nc_ht=scontent.fcai19-8.fna&_nc_gid=sUzoEC8o6VJdDd416b-_jA&oh=00_AfhlwV9GPfTVlGe1sJvd5XirPpkjfRz3TsiVcAuXol7Mhg&oe=692A5BD2","مع انتهاء معرض Libya Build بنجاح باهر  لهذه النسخة ,كان فريقنا يعمل ليل نهار 🌙💪  لإتمام جناح شركائنا الاعزاء عالم الجبال - Alam Elgebal  

شاهدوا معنا بعض التفاصيل الرائعة من جناحهم 🤩

التصميم المعماري: م.صابر الزوي
تنفيذ الإضاءة والكهرباء: م. صالح المنصوري

للتواصل معنا عبر رسائل الصفحة  📩
او عبر الاتصال 0915564024 📞

#الدرع_أمانك 
#الدرع  #بنغازي #ليبيا #شبكات #كامرات #اجهزة_انذار 
#LibyaBuildBenghazi2024 
#TheShield  #benghazi #it #network
with 13 Attachments: https://www.facebook.com/TheShieldLY/posts/pfbid02t6eexBXqBZ9xh6bgKSUkn8zHMkad6zH4BpgbCTrAyPd5q8SBah6or8SBdirovzq4l","","https://www.facebook.com/TheShieldLY/posts/pfbid02t6eexBXqBZ9xh6bgKSUkn8zHMkad6zH4BpgbCTrAyPd5q8SBah6or8SBdirovzq4l","2024-11-09 19:11:01","4","6","0"
"122115618566565306","61566959186323","The Shield","https://scontent.fcai19-8.fna.fbcdn.net/v/t39.30808-1/462238570_2634043523463216_981530655398363404_n.jpg?stp=cp0_dst-jpg_s40x40_tt6&_nc_cat=110&ccb=1-7&_nc_sid=2d3e12&_nc_ohc=hjI0DBeyWnYQ7kNvwHXHKgA&_nc_oc=AdkqbHHu-ZWgc4QIGu8o_W2x2GZb3jBIoCX3qYSbIFhCMGIobCcYwILXLA5NGiXMmz8&_nc_zt=24&_nc_ht=scontent.fcai19-8.fna&_nc_gid=AdCxXjYGGAXsEWeVSaGLHw&oh=00_AfgP1CBCP46bkSQZ7L2MGrpdCVyoSqx6CH_erNa58m1lpA&oe=692A5BD2","نحن فخورون بمشاركتنا في تنفيذ جناح شركة عالم الجبال في معرض Libya Build 

التصميم المعماري: م.صابر الزوي
تنفيذ الإضاءة والكهرباء: م. صالح المنصوري

للتواصل معنا عبر رسائل الصفحة  📩
او عبر الاتصال 0915564024 📞

#الدرع_أمانك 
#الدرع  #بنغازي #ليبيا #شبكات #كامرات #اجهزة_انذار 
#LibyaBuildBenghazi2024 
#TheShield  #benghazi #it #network
with a video: https://www.facebook.com/TheShieldLY/videos/1314485729721185/","","https://www.facebook.com/TheShieldLY/videos/1314485729721185/","2024-11-05 23:37:41","2","6","0"
"122113202990565306","61566959186323","The Shield","https://scontent.fcai19-8.fna.fbcdn.net/v/t39.30808-1/462238570_2634043523463216_981530655398363404_n.jpg?stp=cp0_dst-jpg_s40x40_tt6&_nc_cat=110&ccb=1-7&_nc_sid=2d3e12&_nc_ohc=hjI0DBeyWnYQ7kNvwHXHKgA&_nc_oc=AdkqbHHu-ZWgc4QIGu8o_W2x2GZb3jBIoCX3qYSbIFhCMGIobCcYwILXLA5NGiXMmz8&_nc_zt=24&_nc_ht=scontent.fcai19-8.fna&_nc_gid=AdCxXjYGGAXsEWeVSaGLHw&oh=00_AfgP1CBCP46bkSQZ7L2MGrpdCVyoSqx6CH_erNa58m1lpA&oe=692A5BD2","الكاميرات الأمنية: حمايتك أولويتنا

تعتبر الكاميرات الأمنية أحد أهم عناصر أنظمة الحماية المتكاملة. إليك بعض النقاط المهمة حولها:

رؤية واضحة 24/7: توفر الكاميرات إمكانية المراقبة على مدار الساعة.
تقنيات متقدمة: تتميز الكاميرات الحديثة بتقنيات مثل الرؤية الليلية،  وتخزين السحابي.
سهولة الوصول: يمكنك مشاهدة البث المباشر من الكاميرات عبر الهواتف الذكية أو أجهزة الكمبيوتر.

لماذا تختار الكاميرات من شركة الدرع؟

خبرة موثوقة: نحن نضمن لك حلولاً متكاملة مصممة خصيصًا لتلبية احتياجاتك.
دعم فني مستمر: نقدم لك الدعم الفني والصيانة لضمان عمل الأنظمة بكفاءة عالية.

للتواصل معنا عبر رسائل الصفحة  📩
او عبر الاتصال 0915564024 📞

#الدرع_أمانك 

#الدرع  #بنغازي #ليبيا #شبكات #كامرات #اجهزة_انذار 
#TheShield  #benghazi #it #network
with a Photo: https://www.facebook.com/photo/?fbid=122113191506565306&set=a.122096861504565306","","https://www.facebook.com/TheShieldLY/posts/pfbid07QSUAt3SqH9SfFesyRrisfzBPbiZPEZM9UuYcJVbg86BMHcHUj7BupU3nXVT91ytl","2024-10-28 22:45:45","0","6","0"
"122110121912565306","61566959186323","The Shield","https://scontent.fcai19-8.fna.fbcdn.net/v/t39.30808-1/462238570_2634043523463216_981530655398363404_n.jpg?stp=cp0_dst-jpg_s40x40_tt6&_nc_cat=110&ccb=1-7&_nc_sid=2d3e12&_nc_ohc=hjI0DBeyWnYQ7kNvwHXHKgA&_nc_oc=AdkqbHHu-ZWgc4QIGu8o_W2x2GZb3jBIoCX3qYSbIFhCMGIobCcYwILXLA5NGiXMmz8&_nc_zt=24&_nc_ht=scontent.fcai19-8.fna&_nc_gid=AdCxXjYGGAXsEWeVSaGLHw&oh=00_AfgP1CBCP46bkSQZ7L2MGrpdCVyoSqx6CH_erNa58m1lpA&oe=692A5BD2","أتممنا بحمد الله من تشطيب فيلا 🏠 في مدينة بنغازي 📍

تأسيس الكهرباء بالكامل ⚡
إضاءة 💡
تركيب كاميرات مراقبة عالية الجودة 📹
توفير شبكة WiFi تغطي المبنى بالكامل 📶
منظومة ستالايت 📡
شاشات 📺
جرس باب ذكي 🚪🔔

للتواصل معنا عبر رسائل الصفحة  📩
او عبر الاتصال 0915564024 📞

#الدرع_أمانك 
#الدرع  #بنغازي #ليبيا #شبكات #كامرات #اجهزة_انذار 
#TheShield  #benghazi #it #network","","https://www.facebook.com/reel/8232854533507901/","2024-10-21 21:38:37","2","9","0"
"122108324240565306","61566959186323","The Shield","https://scontent.fcai19-8.fna.fbcdn.net/v/t39.30808-1/462238570_2634043523463216_981530655398363404_n.jpg?stp=cp0_dst-jpg_s40x40_tt6&_nc_cat=110&ccb=1-7&_nc_sid=2d3e12&_nc_ohc=hjI0DBeyWnYQ7kNvwHXHKgA&_nc_oc=AdkqbHHu-ZWgc4QIGu8o_W2x2GZb3jBIoCX3qYSbIFhCMGIobCcYwILXLA5NGiXMmz8&_nc_zt=24&_nc_ht=scontent.fcai19-8.fna&_nc_gid=RBx_yqJLPz9K0w-5MWV7IA&oh=00_AfjCZ_rWzKziWCjae6Qhk0UY4ImSKlXFIh9N-1i015jqPA&oe=692A5BD2","بحمد الله اكمل فريقنا المكون من مهندسين 👷خبراء في مجالهم من تشطيب فيلا 🏠 في مدينة بنغازي 📍

أتممنا البنود التالية :
تأسيس الكهرباء بالكامل ⚡
إضاءة 💡
تركيب كاميرات مراقبة عالية الجودة 📹
توفير شبكة WiFi تغطي المبنى بالكامل 📶
منظومة ستالايت 📡
شاشات 📺
جرس باب ذكي 🚪🔔

باقي صور الموقع في التعليقات 🚨

#الدرع_أمانك 

#الدرع  #بنغازي #ليبيا #شبكات #كامرات #اجهزة_انذار 
#TheShield  #benghazi #it #network
with 4 Attachments: https://www.facebook.com/TheShieldLY/posts/pfbid02XLVv9ZpnygWXEym994tBNquSsDvPqRAdYAqcrUTrKinSUJ89VogiJMAnYfNUArTHl","","https://www.facebook.com/TheShieldLY/posts/pfbid02XLVv9ZpnygWXEym994tBNquSsDvPqRAdYAqcrUTrKinSUJ89VogiJMAnYfNUArTHl","2024-10-19 21:56:35","8","5","1"
"122104929776565306","61566959186323","The Shield","https://scontent.fcai19-8.fna.fbcdn.net/v/t39.30808-1/462238570_2634043523463216_981530655398363404_n.jpg?stp=cp0_dst-jpg_s40x40_tt6&_nc_cat=110&ccb=1-7&_nc_sid=2d3e12&_nc_ohc=hjI0DBeyWnYQ7kNvwHXHKgA&_nc_oc=AdkqbHHu-ZWgc4QIGu8o_W2x2GZb3jBIoCX3qYSbIFhCMGIobCcYwILXLA5NGiXMmz8&_nc_zt=24&_nc_ht=scontent.fcai19-8.fna&_nc_gid=RBx_yqJLPz9K0w-5MWV7IA&oh=00_AfjCZ_rWzKziWCjae6Qhk0UY4ImSKlXFIh9N-1i015jqPA&oe=692A5BD2","إنجاز نفتخر به شركة الدرع 🛡 في تجهيز مدرسة تيوتري ""Tutory School""  بأحدث التقنيات، بما في ذلك: أنظمة كهرباء حديثة، كاميرات مراقبة عالية الجودة، تغطية كاملة بشبكة WiFi، وأنظمة صوت متكاملة. 

 نتطلع لمزيد من المشاريع المميزة! 💪

#الدرع_أمانك 

#الدرع  #بنغازي #ليبيا #شبكات #كامرات #اجهزة_انذار 
#TheShield  #benghazi #it #network
with 4 Attachments: https://www.facebook.com/TheShieldLY/posts/pfbid0ng1u8HQC9B4J2QrjhNnA8HkLvPjkYcQv6WvSRicpAQk4AFP1p9qSugP38mg8JR4Kl","","https://www.facebook.com/TheShieldLY/posts/pfbid0ng1u8HQC9B4J2QrjhNnA8HkLvPjkYcQv6WvSRicpAQk4AFP1p9qSugP38mg8JR4Kl","2024-10-15 22:45:21","4","35","0"
"122102158004565306","61566959186323","The Shield","https://scontent.fcai19-8.fna.fbcdn.net/v/t39.30808-1/462238570_2634043523463216_981530655398363404_n.jpg?stp=cp0_dst-jpg_s40x40_tt6&_nc_cat=110&ccb=1-7&_nc_sid=2d3e12&_nc_ohc=hjI0DBeyWnYQ7kNvwHXHKgA&_nc_oc=AdkqbHHu-ZWgc4QIGu8o_W2x2GZb3jBIoCX3qYSbIFhCMGIobCcYwILXLA5NGiXMmz8&_nc_zt=24&_nc_ht=scontent.fcai19-8.fna&_nc_gid=RBx_yqJLPz9K0w-5MWV7IA&oh=00_AfjCZ_rWzKziWCjae6Qhk0UY4ImSKlXFIh9N-1i015jqPA&oe=692A5BD2","بكل فخر تم تشطيب مبنى الضمان - بنينا 🏢 
 بحسب المواصفات والمعدات العالمية 🛡 بكل احترافية ودقة في العمل 🥇

منظومة كاميرات متطورة من شركة انكي Annke
منظومة  إنذار الحريق من شركة جينت Gent
منظومة ستلايت Multi-switch من شركة ديفيسات 
منظومة طوابيرEMSE من شركة Q-SMART

للتواصل معنا عبر رسائل الصفحة  📩
او عبر الاتصال 0915564024 📞

#الدرع_أمانك
#الدرع  #بنغازي #ليبيا #شبكات #كامرات #اجهزة_انذار 
#TheShield  #benghazi #it #network
with a video: https://www.facebook.com/TheShieldLY/videos/2963315977152711/","","https://www.facebook.com/TheShieldLY/videos/2963315977152711/","2024-10-12 23:32:07","9","152","0"
"122097683564565306","61566959186323","The Shield","https://scontent.fcai19-8.fna.fbcdn.net/v/t39.30808-1/462238570_2634043523463216_981530655398363404_n.jpg?stp=cp0_dst-jpg_s40x40_tt6&_nc_cat=110&ccb=1-7&_nc_sid=2d3e12&_nc_ohc=hjI0DBeyWnYQ7kNvwHXHKgA&_nc_oc=AdkqbHHu-ZWgc4QIGu8o_W2x2GZb3jBIoCX3qYSbIFhCMGIobCcYwILXLA5NGiXMmz8&_nc_zt=24&_nc_ht=scontent.fcai19-8.fna&_nc_gid=LDxK2svvEMklOBsAqKLrBA&oh=00_AfgKjxIiT5OjWwWeveeHtrVEb2oh0omB196YnMZqHm-BYg&oe=692A5BD2","🌟 فخورون بثقة مدرسة تيوتري ""Tutory School"" في شركة الدرع🛡

لقد كلفتنا المدرسة بإتمام تشطيب المدرسة الذي يتضمن:

🔌 تأسيس الكهرباء
📹 تركيب كاميرات مراقبة عالية الجودة
📶 توفير شبكة WiFi تغطي المبنى بالكامل
🔊 تنفيذ أنظمة صوت متكاملة 
نضمن لكم جودة العمل والتركيب 💪

#الدرع_أمانك

#الدرع  #بنغازي #ليبيا #شبكات #كامرات #اجهزة_انذار 
#TheShield  #benghazi #it #network
with a video: https://www.facebook.com/TheShieldLY/videos/511274665005175/","","https://www.facebook.com/TheShieldLY/videos/511274665005175/","2024-10-07 23:17:41","9","1009","5"
"122096861510565306","61566959186323","The Shield","https://scontent.fcai19-8.fna.fbcdn.net/v/t39.30808-1/462238570_2634043523463216_981530655398363404_n.jpg?stp=cp0_dst-jpg_s40x40_tt6&_nc_cat=110&ccb=1-7&_nc_sid=2d3e12&_nc_ohc=hjI0DBeyWnYQ7kNvwHXHKgA&_nc_oc=AdkqbHHu-ZWgc4QIGu8o_W2x2GZb3jBIoCX3qYSbIFhCMGIobCcYwILXLA5NGiXMmz8&_nc_zt=24&_nc_ht=scontent.fcai19-8.fna&_nc_gid=LDxK2svvEMklOBsAqKLrBA&oh=00_AfgKjxIiT5OjWwWeveeHtrVEb2oh0omB196YnMZqHm-BYg&oe=692A5BD2","نحن شركة الدرع لحلول الشبكات والحماية 🛡

نحن متخصصون في تصميم وتجهيز المشاريع المتكاملة، بما في ذلك الشبكات، كاميرات المراقبة، وأجهزة الحماية بمختلف أنواعها، مثل الأبواب الإلكترونية وأنظمة إنذار الحريق، بالإضافة إلى تأسيس الكهرباء.

نقدم ضماناً شاملاً يشمل التركيب و المعدات.

تابعونا في منشوراتنا القادمة لاستعراض مشاريعنا المنجزة والتي لا تزال قيد التجهيز في أماكن حيوية ومؤسسات ضخمة.

#الدرع_أمانك

#الدرع  #بنغازي #ليبيا #شبكات #كامرات #اجهزة_انذار 
#TheShield  #benghazi #it #network
with a Photo: https://www.facebook.com/photo/?fbid=122096853128565306&set=a.122096861504565306","","https://www.facebook.com/TheShieldLY/posts/pfbid033pW2wKb8Wk5xAZHi5Mv2GTTeBjzY4efHpg9BsP52SN2xyXZAV66G4KgTG1Dgzm4Wl","2024-10-06 22:22:32","2","13","0"
"122096124680565306","61566959186323","The Shield","https://scontent.fcai19-8.fna.fbcdn.net/v/t39.30808-1/462238570_2634043523463216_981530655398363404_n.jpg?stp=cp0_dst-jpg_s40x40_tt6&_nc_cat=110&ccb=1-7&_nc_sid=2d3e12&_nc_ohc=hjI0DBeyWnYQ7kNvwHXHKgA&_nc_oc=AdkqbHHu-ZWgc4QIGu8o_W2x2GZb3jBIoCX3qYSbIFhCMGIobCcYwILXLA5NGiXMmz8&_nc_zt=24&_nc_ht=scontent.fcai19-8.fna&_nc_gid=LDxK2svvEMklOBsAqKLrBA&oh=00_AfgKjxIiT5OjWwWeveeHtrVEb2oh0omB196YnMZqHm-BYg&oe=692A5BD2","","","https://www.facebook.com/TheShieldLY/posts/122096124680565306:514583508135554","2024-10-05 21:51:13","0","12","0"